{ "listBike" : [
	{"id":1, "name":"Honda cb400", "desc":"See Tweets abou helelele on Twitter. See what people are saying and join the conversation.", "price":"2000$", "img":"img/h1.jpg"},
	{"id":1, "name":"Kawasaki H2R", "desc":"See Tweets abou helelele on Twitter. See what people are saying and join the conversation.", "price":"50000$","img":"img/h2.jpg"},
	{"id":1, "name":"suzuki", "desc":"See Tweets abou helelele on Twitter. See what people are saying and join the conversation.", "price":"6000$","img":"img/h3.jpg"},
	{"id":1, "name":"Big boy 250", "desc":"See Tweets abou helelele on Twitter. See what people are saying and join the conversation.", "price":"4000$","img":"img/h4.jpg"},
	{"id":1, "name":"Z1000", "desc":"See Tweets abou helelele on Twitter. See what people are saying and join the conversation.", "price":"3000$","img":"img/h5.jpg"}
]}